,index,category
0,0,STYLE & BEAUTY
1,1,TRAVEL
2,4,STYLE & BEAUTY
3,5,TRAVEL
4,6,STYLE & BEAUTY
5,7,BUSINESS
6,8,STYLE & BEAUTY
7,9,STYLE & BEAUTY
8,10,STYLE & BEAUTY
9,11,BUSINESS
10,12,BUSINESS
11,13,STYLE & BEAUTY
12,15,TRAVEL
13,16,TRAVEL
14,17,STYLE & BEAUTY
15,18,BUSINESS
16,19,TRAVEL
17,20,STYLE & BEAUTY
18,21,STYLE & BEAUTY
19,22,TRAVEL
20,23,TRAVEL
21,24,TRAVEL
22,26,BUSINESS
23,27,STYLE & BEAUTY
24,28,STYLE & BEAUTY
25,29,STYLE & BEAUTY
26,30,TRAVEL
27,31,STYLE & BEAUTY
28,32,BUSINESS
29,34,BUSINESS
30,35,TRAVEL
31,36,TRAVEL
32,37,TRAVEL
33,38,BUSINESS
34,39,STYLE & BEAUTY
35,40,STYLE & BEAUTY
36,41,BUSINESS
37,42,BUSINESS
38,43,TRAVEL
39,44,STYLE & BEAUTY
40,45,STYLE & BEAUTY
41,46,STYLE & BEAUTY
42,47,TRAVEL
43,48,BUSINESS
44,49,TRAVEL
45,50,TRAVEL
46,51,BUSINESS
47,53,TRAVEL
48,54,STYLE & BEAUTY
49,55,TRAVEL
50,57,STYLE & BEAUTY
51,58,TRAVEL
52,59,STYLE & BEAUTY
53,60,TRAVEL
54,61,STYLE & BEAUTY
55,62,BUSINESS
56,63,BUSINESS
57,64,TRAVEL
58,65,TRAVEL
59,66,BUSINESS
60,67,STYLE & BEAUTY
61,68,STYLE & BEAUTY
62,69,STYLE & BEAUTY
63,70,TRAVEL
64,71,STYLE & BEAUTY
65,72,STYLE & BEAUTY
66,73,TRAVEL
67,74,BUSINESS
68,75,BUSINESS
69,76,TRAVEL
70,77,BUSINESS
71,78,TRAVEL
72,79,TRAVEL
73,80,BUSINESS
74,81,BUSINESS
75,82,STYLE & BEAUTY
76,83,STYLE & BEAUTY
77,84,BUSINESS
78,85,BUSINESS
79,86,STYLE & BEAUTY
80,87,STYLE & BEAUTY
81,88,STYLE & BEAUTY
82,89,TRAVEL
83,91,TRAVEL
84,92,BUSINESS
85,93,TRAVEL
86,94,STYLE & BEAUTY
87,95,STYLE & BEAUTY
88,96,TRAVEL
89,97,STYLE & BEAUTY
90,98,TRAVEL
91,99,BUSINESS
92,100,STYLE & BEAUTY
93,101,TRAVEL
94,103,STYLE & BEAUTY
95,104,STYLE & BEAUTY
96,106,TRAVEL
97,107,TRAVEL
98,109,BUSINESS
99,110,STYLE & BEAUTY
100,111,BUSINESS
101,112,STYLE & BEAUTY
102,113,BUSINESS
103,114,TRAVEL
104,115,BUSINESS
105,116,TRAVEL
106,117,BUSINESS
107,119,BUSINESS
108,120,STYLE & BEAUTY
109,121,STYLE & BEAUTY
110,122,STYLE & BEAUTY
111,123,TRAVEL
112,124,BUSINESS
113,125,STYLE & BEAUTY
114,126,STYLE & BEAUTY
115,127,TRAVEL
116,128,STYLE & BEAUTY
117,129,TRAVEL
118,130,BUSINESS
119,131,STYLE & BEAUTY
120,132,STYLE & BEAUTY
121,133,TRAVEL
122,134,TRAVEL
123,135,STYLE & BEAUTY
124,136,TRAVEL
125,137,STYLE & BEAUTY
126,138,STYLE & BEAUTY
127,139,STYLE & BEAUTY
128,140,STYLE & BEAUTY
129,141,TRAVEL
130,143,STYLE & BEAUTY
131,144,BUSINESS
132,145,STYLE & BEAUTY
133,146,STYLE & BEAUTY
134,147,STYLE & BEAUTY
135,148,TRAVEL
136,149,TRAVEL
137,150,BUSINESS
138,152,STYLE & BEAUTY
139,153,BUSINESS
140,155,TRAVEL
141,156,STYLE & BEAUTY
142,157,TRAVEL
143,158,STYLE & BEAUTY
144,159,TRAVEL
145,160,TRAVEL
146,161,TRAVEL
147,162,BUSINESS
148,163,STYLE & BEAUTY
149,164,STYLE & BEAUTY
150,165,STYLE & BEAUTY
151,167,TRAVEL
152,168,BUSINESS
153,169,STYLE & BEAUTY
154,170,BUSINESS
155,171,TRAVEL
156,172,STYLE & BEAUTY
157,174,BUSINESS
158,175,TRAVEL
159,176,BUSINESS
160,177,STYLE & BEAUTY
161,178,BUSINESS
162,179,TRAVEL
163,180,BUSINESS
164,181,BUSINESS
165,182,STYLE & BEAUTY
166,183,TRAVEL
167,184,STYLE & BEAUTY
168,185,TRAVEL
169,186,TRAVEL
170,187,TRAVEL
171,188,TRAVEL
172,189,STYLE & BEAUTY
173,190,BUSINESS
174,191,STYLE & BEAUTY
175,192,BUSINESS
176,193,STYLE & BEAUTY
177,194,TRAVEL
178,196,TRAVEL
179,197,TRAVEL
180,198,STYLE & BEAUTY
181,199,BUSINESS
182,200,TRAVEL
183,201,STYLE & BEAUTY
184,202,TRAVEL
185,203,BUSINESS
186,204,BUSINESS
187,205,TRAVEL
188,206,TRAVEL
189,207,TRAVEL
190,208,STYLE & BEAUTY
191,209,BUSINESS
192,210,BUSINESS
193,211,STYLE & BEAUTY
194,212,TRAVEL
195,213,TRAVEL
196,214,TRAVEL
197,215,BUSINESS
198,216,STYLE & BEAUTY
199,217,TRAVEL
200,218,BUSINESS
201,219,STYLE & BEAUTY
202,220,STYLE & BEAUTY
203,221,BUSINESS
204,222,BUSINESS
205,223,BUSINESS
206,224,TRAVEL
207,225,STYLE & BEAUTY
208,226,TRAVEL
209,227,STYLE & BEAUTY
210,228,STYLE & BEAUTY
211,230,TRAVEL
212,231,TRAVEL
213,232,BUSINESS
214,233,STYLE & BEAUTY
215,234,TRAVEL
216,235,TRAVEL
217,236,STYLE & BEAUTY
218,237,BUSINESS
219,238,BUSINESS
220,239,TRAVEL
221,240,TRAVEL
222,241,TRAVEL
223,242,BUSINESS
224,243,BUSINESS
225,244,STYLE & BEAUTY
226,245,STYLE & BEAUTY
227,246,BUSINESS
228,247,TRAVEL
229,248,STYLE & BEAUTY
230,249,TRAVEL
231,250,TRAVEL
232,251,TRAVEL
233,252,TRAVEL
234,253,STYLE & BEAUTY
235,254,TRAVEL
236,255,TRAVEL
237,256,BUSINESS
238,257,BUSINESS
239,258,TRAVEL
240,259,STYLE & BEAUTY
241,260,STYLE & BEAUTY
242,261,STYLE & BEAUTY
243,262,STYLE & BEAUTY
244,263,STYLE & BEAUTY
245,264,STYLE & BEAUTY
246,265,BUSINESS
247,266,STYLE & BEAUTY
248,267,TRAVEL
249,268,STYLE & BEAUTY
250,269,TRAVEL
251,270,STYLE & BEAUTY
252,271,TRAVEL
253,272,TRAVEL
254,273,STYLE & BEAUTY
255,274,STYLE & BEAUTY
256,275,STYLE & BEAUTY
257,276,STYLE & BEAUTY
258,277,STYLE & BEAUTY
259,278,TRAVEL
260,279,TRAVEL
261,280,TRAVEL
262,281,STYLE & BEAUTY
263,282,STYLE & BEAUTY
264,283,STYLE & BEAUTY
265,285,STYLE & BEAUTY
266,286,STYLE & BEAUTY
267,287,STYLE & BEAUTY
268,288,BUSINESS
269,289,TRAVEL
270,290,TRAVEL
271,291,STYLE & BEAUTY
272,292,STYLE & BEAUTY
273,293,STYLE & BEAUTY
274,294,TRAVEL
275,295,TRAVEL
276,296,STYLE & BEAUTY
277,297,STYLE & BEAUTY
278,298,TRAVEL
279,299,STYLE & BEAUTY
280,301,STYLE & BEAUTY
281,302,TRAVEL
282,303,TRAVEL
283,304,TRAVEL
284,305,TRAVEL
285,307,TRAVEL
286,308,TRAVEL
287,309,TRAVEL
288,310,BUSINESS
289,312,STYLE & BEAUTY
290,313,STYLE & BEAUTY
291,314,TRAVEL
292,315,STYLE & BEAUTY
293,316,STYLE & BEAUTY
294,317,STYLE & BEAUTY
295,318,STYLE & BEAUTY
296,319,TRAVEL
297,320,BUSINESS
298,321,STYLE & BEAUTY
299,322,BUSINESS
300,323,TRAVEL
301,324,BUSINESS
302,325,STYLE & BEAUTY
303,326,TRAVEL
304,327,STYLE & BEAUTY
305,328,BUSINESS
306,329,TRAVEL
307,330,STYLE & BEAUTY
308,332,STYLE & BEAUTY
309,334,STYLE & BEAUTY
310,335,STYLE & BEAUTY
311,336,BUSINESS
312,337,STYLE & BEAUTY
313,338,STYLE & BEAUTY
314,339,STYLE & BEAUTY
315,340,STYLE & BEAUTY
316,341,STYLE & BEAUTY
317,342,STYLE & BEAUTY
318,343,BUSINESS
319,344,STYLE & BEAUTY
320,345,TRAVEL
321,346,TRAVEL
322,347,STYLE & BEAUTY
323,348,TRAVEL
324,349,STYLE & BEAUTY
325,350,BUSINESS
326,351,TRAVEL
327,352,TRAVEL
328,353,STYLE & BEAUTY
329,354,TRAVEL
330,355,STYLE & BEAUTY
331,356,TRAVEL
332,357,TRAVEL
333,358,BUSINESS
334,359,STYLE & BEAUTY
335,360,TRAVEL
336,361,STYLE & BEAUTY
337,362,STYLE & BEAUTY
338,363,STYLE & BEAUTY
339,364,TRAVEL
340,365,TRAVEL
341,366,BUSINESS
342,368,STYLE & BEAUTY
343,369,STYLE & BEAUTY
344,370,TRAVEL
345,371,BUSINESS
346,372,STYLE & BEAUTY
347,373,STYLE & BEAUTY
348,374,TRAVEL
349,375,TRAVEL
350,376,TRAVEL
351,377,TRAVEL
352,378,BUSINESS
353,380,BUSINESS
354,381,TRAVEL
355,382,TRAVEL
356,383,STYLE & BEAUTY
357,384,STYLE & BEAUTY
358,385,BUSINESS
359,386,BUSINESS
360,387,STYLE & BEAUTY
361,388,STYLE & BEAUTY
362,389,TRAVEL
363,390,STYLE & BEAUTY
364,391,BUSINESS
365,392,TRAVEL
366,393,TRAVEL
367,394,TRAVEL
368,395,BUSINESS
369,396,STYLE & BEAUTY
370,397,STYLE & BEAUTY
371,398,STYLE & BEAUTY
372,400,STYLE & BEAUTY
373,401,TRAVEL
374,402,TRAVEL
375,403,STYLE & BEAUTY
376,404,TRAVEL
377,405,TRAVEL
378,406,STYLE & BEAUTY
379,407,STYLE & BEAUTY
380,408,TRAVEL
381,409,TRAVEL
382,410,STYLE & BEAUTY
383,411,TRAVEL
384,412,BUSINESS
385,413,TRAVEL
386,414,TRAVEL
387,416,BUSINESS
388,417,TRAVEL
389,418,TRAVEL
390,419,BUSINESS
391,420,TRAVEL
392,421,BUSINESS
393,422,TRAVEL
394,423,TRAVEL
395,424,TRAVEL
396,425,STYLE & BEAUTY
397,426,BUSINESS
398,427,BUSINESS
399,428,BUSINESS
400,429,BUSINESS
401,431,TRAVEL
402,432,BUSINESS
403,433,BUSINESS
404,434,STYLE & BEAUTY
405,435,TRAVEL
406,436,STYLE & BEAUTY
407,437,TRAVEL
408,438,TRAVEL
409,439,TRAVEL
410,440,BUSINESS
411,441,TRAVEL
412,442,TRAVEL
413,443,STYLE & BEAUTY
414,444,TRAVEL
415,445,BUSINESS
416,446,BUSINESS
417,447,TRAVEL
418,448,BUSINESS
419,449,STYLE & BEAUTY
420,450,BUSINESS
421,451,BUSINESS
422,452,BUSINESS
423,453,STYLE & BEAUTY
424,454,STYLE & BEAUTY
425,455,STYLE & BEAUTY
426,456,STYLE & BEAUTY
427,457,BUSINESS
428,458,TRAVEL
429,459,STYLE & BEAUTY
430,460,STYLE & BEAUTY
431,461,TRAVEL
432,462,STYLE & BEAUTY
433,463,STYLE & BEAUTY
434,464,BUSINESS
435,465,BUSINESS
436,466,BUSINESS
437,467,STYLE & BEAUTY
438,468,TRAVEL
439,469,STYLE & BEAUTY
440,470,TRAVEL
441,472,STYLE & BEAUTY
442,473,TRAVEL
443,474,TRAVEL
444,475,TRAVEL
445,476,BUSINESS
446,477,BUSINESS
447,478,BUSINESS
448,479,STYLE & BEAUTY
449,480,STYLE & BEAUTY
450,481,STYLE & BEAUTY
451,482,STYLE & BEAUTY
452,483,STYLE & BEAUTY
453,485,BUSINESS
454,486,BUSINESS
455,487,TRAVEL
456,488,TRAVEL
457,489,TRAVEL
458,490,STYLE & BEAUTY
459,491,TRAVEL
460,492,TRAVEL
461,493,TRAVEL
462,494,TRAVEL
463,495,STYLE & BEAUTY
464,496,STYLE & BEAUTY
465,497,TRAVEL
466,498,BUSINESS
467,499,STYLE & BEAUTY
468,500,STYLE & BEAUTY
469,501,STYLE & BEAUTY
470,502,STYLE & BEAUTY
471,503,TRAVEL
472,504,BUSINESS
473,505,BUSINESS
474,506,BUSINESS
475,507,TRAVEL
476,508,STYLE & BEAUTY
477,509,STYLE & BEAUTY
478,510,TRAVEL
479,511,BUSINESS
480,512,BUSINESS
481,513,STYLE & BEAUTY
482,514,TRAVEL
483,515,STYLE & BEAUTY
484,516,TRAVEL
485,517,BUSINESS
486,518,STYLE & BEAUTY
487,519,STYLE & BEAUTY
488,520,BUSINESS
489,521,STYLE & BEAUTY
490,522,TRAVEL
491,523,STYLE & BEAUTY
492,524,BUSINESS
493,525,TRAVEL
494,527,TRAVEL
495,528,TRAVEL
496,529,STYLE & BEAUTY
497,530,TRAVEL
498,531,STYLE & BEAUTY
499,532,STYLE & BEAUTY
500,533,STYLE & BEAUTY
501,534,STYLE & BEAUTY
502,536,STYLE & BEAUTY
503,537,STYLE & BEAUTY
504,538,STYLE & BEAUTY
505,539,STYLE & BEAUTY
506,540,BUSINESS
507,541,STYLE & BEAUTY
508,542,STYLE & BEAUTY
509,543,STYLE & BEAUTY
510,544,TRAVEL
511,545,TRAVEL
512,546,TRAVEL
513,547,STYLE & BEAUTY
514,548,TRAVEL
515,549,STYLE & BEAUTY
516,550,TRAVEL
517,551,STYLE & BEAUTY
518,552,STYLE & BEAUTY
519,553,STYLE & BEAUTY
520,554,STYLE & BEAUTY
521,555,TRAVEL
522,556,BUSINESS
523,557,STYLE & BEAUTY
524,558,TRAVEL
525,559,BUSINESS
526,560,STYLE & BEAUTY
527,561,STYLE & BEAUTY
528,562,STYLE & BEAUTY
529,563,TRAVEL
530,564,TRAVEL
531,565,TRAVEL
532,566,TRAVEL
533,567,TRAVEL
534,568,STYLE & BEAUTY
535,569,TRAVEL
536,570,STYLE & BEAUTY
537,571,BUSINESS
538,572,TRAVEL
539,573,TRAVEL
540,574,BUSINESS
541,575,TRAVEL
542,576,TRAVEL
543,577,STYLE & BEAUTY
544,578,TRAVEL
545,579,TRAVEL
546,580,STYLE & BEAUTY
547,581,TRAVEL
548,582,STYLE & BEAUTY
549,583,TRAVEL
550,584,STYLE & BEAUTY
551,585,TRAVEL
552,586,TRAVEL
553,587,STYLE & BEAUTY
554,588,TRAVEL
555,589,TRAVEL
556,590,BUSINESS
557,591,STYLE & BEAUTY
558,592,TRAVEL
559,593,STYLE & BEAUTY
560,594,TRAVEL
561,595,STYLE & BEAUTY
562,596,TRAVEL
563,597,TRAVEL
564,598,BUSINESS
565,599,STYLE & BEAUTY
566,600,BUSINESS
567,601,TRAVEL
568,602,BUSINESS
569,603,STYLE & BEAUTY
570,604,STYLE & BEAUTY
571,605,STYLE & BEAUTY
572,606,TRAVEL
573,607,BUSINESS
574,608,TRAVEL
575,609,STYLE & BEAUTY
576,610,BUSINESS
577,611,BUSINESS
578,612,TRAVEL
579,613,STYLE & BEAUTY
580,614,BUSINESS
581,615,BUSINESS
582,616,BUSINESS
583,617,BUSINESS
584,618,TRAVEL
585,619,STYLE & BEAUTY
586,620,TRAVEL
587,621,STYLE & BEAUTY
588,622,STYLE & BEAUTY
589,623,BUSINESS
590,624,STYLE & BEAUTY
591,625,STYLE & BEAUTY
592,626,STYLE & BEAUTY
593,627,TRAVEL
594,628,BUSINESS
595,629,STYLE & BEAUTY
596,631,TRAVEL
597,632,STYLE & BEAUTY
598,633,STYLE & BEAUTY
599,634,TRAVEL
600,635,STYLE & BEAUTY
601,637,STYLE & BEAUTY
602,638,STYLE & BEAUTY
603,639,BUSINESS
604,640,STYLE & BEAUTY
605,641,STYLE & BEAUTY
606,642,STYLE & BEAUTY
607,643,STYLE & BEAUTY
608,644,STYLE & BEAUTY
609,645,TRAVEL
610,646,STYLE & BEAUTY
611,647,STYLE & BEAUTY
612,648,TRAVEL
613,649,BUSINESS
614,650,BUSINESS
615,651,TRAVEL
616,652,STYLE & BEAUTY
617,653,TRAVEL
618,654,BUSINESS
619,656,TRAVEL
620,657,BUSINESS
621,658,TRAVEL
622,659,BUSINESS
623,661,BUSINESS
624,662,TRAVEL
625,663,STYLE & BEAUTY
626,664,STYLE & BEAUTY
627,665,TRAVEL
628,666,STYLE & BEAUTY
629,667,BUSINESS
630,668,TRAVEL
631,669,TRAVEL
632,670,STYLE & BEAUTY
633,671,STYLE & BEAUTY
634,672,STYLE & BEAUTY
635,673,BUSINESS
636,674,TRAVEL
637,675,TRAVEL
638,676,BUSINESS
639,677,STYLE & BEAUTY
640,678,BUSINESS
641,679,BUSINESS
642,680,TRAVEL
643,681,TRAVEL
644,682,TRAVEL
645,683,BUSINESS
646,684,TRAVEL
647,685,TRAVEL
648,686,STYLE & BEAUTY
649,687,BUSINESS
650,688,TRAVEL
651,689,TRAVEL
652,690,STYLE & BEAUTY
653,691,STYLE & BEAUTY
654,693,TRAVEL
655,694,TRAVEL
656,695,STYLE & BEAUTY
657,696,TRAVEL
658,697,TRAVEL
659,698,BUSINESS
660,699,STYLE & BEAUTY
661,700,BUSINESS
662,701,STYLE & BEAUTY
663,702,TRAVEL
664,703,STYLE & BEAUTY
665,704,TRAVEL
666,705,TRAVEL
667,706,STYLE & BEAUTY
668,707,STYLE & BEAUTY
669,708,STYLE & BEAUTY
670,709,TRAVEL
671,712,STYLE & BEAUTY
672,713,STYLE & BEAUTY
673,715,STYLE & BEAUTY
674,716,STYLE & BEAUTY
675,717,STYLE & BEAUTY
676,718,BUSINESS
677,719,TRAVEL
678,720,TRAVEL
679,721,BUSINESS
680,722,TRAVEL
681,723,TRAVEL
682,724,STYLE & BEAUTY
683,725,TRAVEL
684,726,BUSINESS
685,727,STYLE & BEAUTY
686,728,TRAVEL
687,729,TRAVEL
688,730,TRAVEL
689,731,TRAVEL
690,732,TRAVEL
691,733,BUSINESS
692,734,TRAVEL
693,735,TRAVEL
694,736,TRAVEL
695,737,STYLE & BEAUTY
696,738,TRAVEL
697,739,TRAVEL
698,741,TRAVEL
699,742,BUSINESS
700,743,TRAVEL
701,744,BUSINESS
702,745,TRAVEL
703,746,BUSINESS
704,747,BUSINESS
705,748,TRAVEL
706,750,STYLE & BEAUTY
707,751,TRAVEL
708,752,STYLE & BEAUTY
709,753,BUSINESS
710,754,TRAVEL
711,755,STYLE & BEAUTY
712,756,STYLE & BEAUTY
713,757,TRAVEL
714,758,BUSINESS
715,759,STYLE & BEAUTY
716,760,TRAVEL
717,761,TRAVEL
718,762,STYLE & BEAUTY
719,763,STYLE & BEAUTY
720,764,TRAVEL
721,765,STYLE & BEAUTY
722,766,STYLE & BEAUTY
723,767,TRAVEL
724,768,STYLE & BEAUTY
725,769,BUSINESS
726,770,TRAVEL
727,771,TRAVEL
728,772,TRAVEL
729,773,BUSINESS
730,774,BUSINESS
731,775,TRAVEL
732,776,BUSINESS
733,777,STYLE & BEAUTY
734,778,TRAVEL
735,779,BUSINESS
736,780,TRAVEL
737,781,TRAVEL
738,782,STYLE & BEAUTY
739,783,BUSINESS
740,785,BUSINESS
741,786,STYLE & BEAUTY
742,787,BUSINESS
743,788,TRAVEL
744,789,STYLE & BEAUTY
745,790,BUSINESS
746,791,BUSINESS
747,792,TRAVEL
748,793,STYLE & BEAUTY
749,794,TRAVEL
750,795,BUSINESS
751,796,STYLE & BEAUTY
752,797,STYLE & BEAUTY
753,798,TRAVEL
754,799,STYLE & BEAUTY
755,800,BUSINESS
756,801,BUSINESS
757,802,STYLE & BEAUTY
758,803,STYLE & BEAUTY
759,804,BUSINESS
760,805,BUSINESS
761,806,BUSINESS
762,807,STYLE & BEAUTY
763,808,STYLE & BEAUTY
764,809,STYLE & BEAUTY
765,810,BUSINESS
766,811,TRAVEL
767,812,BUSINESS
768,813,TRAVEL
769,814,BUSINESS
770,815,TRAVEL
771,816,TRAVEL
772,817,TRAVEL
773,818,BUSINESS
774,819,STYLE & BEAUTY
775,820,TRAVEL
776,821,STYLE & BEAUTY
777,822,TRAVEL
778,823,BUSINESS
779,824,BUSINESS
780,825,BUSINESS
781,826,TRAVEL
782,827,BUSINESS
783,828,TRAVEL
784,829,BUSINESS
785,830,BUSINESS
786,831,STYLE & BEAUTY
787,832,TRAVEL
788,833,BUSINESS
789,834,STYLE & BEAUTY
790,835,BUSINESS
791,836,STYLE & BEAUTY
792,837,TRAVEL
793,838,TRAVEL
794,839,BUSINESS
795,840,TRAVEL
796,841,TRAVEL
797,842,TRAVEL
798,843,TRAVEL
799,844,TRAVEL
800,845,STYLE & BEAUTY
801,846,BUSINESS
802,847,TRAVEL
803,848,STYLE & BEAUTY
804,849,BUSINESS
805,850,BUSINESS
806,851,STYLE & BEAUTY
807,852,TRAVEL
808,853,STYLE & BEAUTY
809,854,BUSINESS
810,855,BUSINESS
811,856,BUSINESS
812,857,BUSINESS
813,858,STYLE & BEAUTY
814,859,STYLE & BEAUTY
815,860,STYLE & BEAUTY
816,861,TRAVEL
817,862,TRAVEL
818,863,STYLE & BEAUTY
819,865,TRAVEL
820,866,TRAVEL
821,867,STYLE & BEAUTY
822,868,BUSINESS
823,869,STYLE & BEAUTY
824,870,BUSINESS
825,871,TRAVEL
826,872,TRAVEL
827,873,STYLE & BEAUTY
828,874,TRAVEL
829,875,STYLE & BEAUTY
830,876,TRAVEL
831,877,STYLE & BEAUTY
832,879,STYLE & BEAUTY
833,880,TRAVEL
834,881,STYLE & BEAUTY
835,882,TRAVEL
836,883,TRAVEL
837,884,TRAVEL
838,885,TRAVEL
839,886,TRAVEL
840,887,TRAVEL
841,888,STYLE & BEAUTY
842,889,STYLE & BEAUTY
843,891,TRAVEL
844,892,BUSINESS
845,893,STYLE & BEAUTY
846,894,BUSINESS
847,895,BUSINESS
848,896,STYLE & BEAUTY
849,897,STYLE & BEAUTY
850,898,TRAVEL
851,899,STYLE & BEAUTY
852,900,BUSINESS
853,901,BUSINESS
854,902,STYLE & BEAUTY
855,903,STYLE & BEAUTY
856,904,TRAVEL
857,905,TRAVEL
858,906,TRAVEL
859,907,STYLE & BEAUTY
860,908,BUSINESS
861,909,STYLE & BEAUTY
862,910,STYLE & BEAUTY
863,911,TRAVEL
864,912,TRAVEL
865,913,STYLE & BEAUTY
866,914,BUSINESS
867,915,TRAVEL
868,916,TRAVEL
869,917,STYLE & BEAUTY
870,918,STYLE & BEAUTY
871,919,TRAVEL
872,921,TRAVEL
873,923,TRAVEL
874,924,STYLE & BEAUTY
875,925,STYLE & BEAUTY
876,926,STYLE & BEAUTY
877,927,TRAVEL
878,928,STYLE & BEAUTY
879,930,TRAVEL
880,931,STYLE & BEAUTY
881,932,STYLE & BEAUTY
882,933,STYLE & BEAUTY
883,934,STYLE & BEAUTY
884,935,STYLE & BEAUTY
885,936,TRAVEL
886,938,TRAVEL
887,939,STYLE & BEAUTY
888,940,BUSINESS
889,941,TRAVEL
890,942,BUSINESS
891,943,STYLE & BEAUTY
892,944,STYLE & BEAUTY
893,945,STYLE & BEAUTY
894,947,BUSINESS
895,948,TRAVEL
896,949,TRAVEL
897,950,STYLE & BEAUTY
898,951,STYLE & BEAUTY
899,952,STYLE & BEAUTY
900,953,STYLE & BEAUTY
901,954,STYLE & BEAUTY
902,955,BUSINESS
903,956,STYLE & BEAUTY
904,958,BUSINESS
905,959,TRAVEL
906,960,STYLE & BEAUTY
907,961,TRAVEL
908,962,BUSINESS
909,963,TRAVEL
910,964,STYLE & BEAUTY
911,965,BUSINESS
912,966,STYLE & BEAUTY
913,967,STYLE & BEAUTY
914,968,STYLE & BEAUTY
915,969,BUSINESS
916,970,TRAVEL
917,971,BUSINESS
918,973,TRAVEL
919,974,TRAVEL
920,975,BUSINESS
921,976,STYLE & BEAUTY
922,977,BUSINESS
923,978,BUSINESS
924,979,TRAVEL
925,980,STYLE & BEAUTY
926,981,BUSINESS
927,982,BUSINESS
928,983,STYLE & BEAUTY
929,984,STYLE & BEAUTY
930,985,TRAVEL
931,986,TRAVEL
932,987,STYLE & BEAUTY
933,988,STYLE & BEAUTY
934,989,STYLE & BEAUTY
935,990,TRAVEL
936,991,STYLE & BEAUTY
937,992,STYLE & BEAUTY
938,993,BUSINESS
939,994,TRAVEL
940,995,STYLE & BEAUTY
941,996,TRAVEL
942,997,TRAVEL
943,998,TRAVEL
944,999,TRAVEL
945,1000,TRAVEL
946,1003,TRAVEL
947,1004,STYLE & BEAUTY
948,1005,BUSINESS
949,1006,BUSINESS
950,1007,TRAVEL
951,1008,TRAVEL
952,1009,BUSINESS
953,1010,BUSINESS
954,1011,TRAVEL
955,1012,TRAVEL
956,1013,TRAVEL
957,1014,BUSINESS
958,1015,STYLE & BEAUTY
959,1016,BUSINESS
960,1017,TRAVEL
961,1018,STYLE & BEAUTY
962,1019,STYLE & BEAUTY
963,1020,STYLE & BEAUTY
964,1021,STYLE & BEAUTY
965,1022,BUSINESS
966,1023,TRAVEL
967,1024,BUSINESS
968,1025,BUSINESS
969,1026,TRAVEL
970,1027,STYLE & BEAUTY
971,1028,TRAVEL
972,1029,STYLE & BEAUTY
973,1030,BUSINESS
974,1031,TRAVEL
975,1032,BUSINESS
976,1033,STYLE & BEAUTY
977,1034,STYLE & BEAUTY
978,1035,BUSINESS
979,1036,TRAVEL
980,1037,TRAVEL
981,1038,STYLE & BEAUTY
982,1039,STYLE & BEAUTY
983,1040,BUSINESS
984,1041,TRAVEL
985,1042,STYLE & BEAUTY
986,1043,TRAVEL
987,1044,BUSINESS
988,1045,STYLE & BEAUTY
989,1046,TRAVEL
990,1047,TRAVEL
991,1048,STYLE & BEAUTY
992,1049,TRAVEL
993,1050,TRAVEL
994,1051,STYLE & BEAUTY
995,1052,TRAVEL
996,1053,STYLE & BEAUTY
997,1054,STYLE & BEAUTY
998,1055,BUSINESS
999,1056,STYLE & BEAUTY
1000,1057,STYLE & BEAUTY
1001,1059,STYLE & BEAUTY
1002,1060,STYLE & BEAUTY
1003,1062,TRAVEL
1004,1063,BUSINESS
1005,1064,STYLE & BEAUTY
1006,1065,STYLE & BEAUTY
1007,1066,TRAVEL
1008,1067,STYLE & BEAUTY
1009,1068,BUSINESS
1010,1069,TRAVEL
1011,1070,STYLE & BEAUTY
1012,1071,STYLE & BEAUTY
1013,1072,TRAVEL
1014,1073,BUSINESS
1015,1074,TRAVEL
1016,1075,TRAVEL
1017,1076,BUSINESS
1018,1077,TRAVEL
1019,1078,STYLE & BEAUTY
1020,1079,STYLE & BEAUTY
1021,1080,TRAVEL
1022,1081,TRAVEL
1023,1082,TRAVEL
1024,1083,BUSINESS
1025,1084,BUSINESS
1026,1085,STYLE & BEAUTY
1027,1086,STYLE & BEAUTY
1028,1087,TRAVEL
1029,1088,TRAVEL
1030,1089,TRAVEL
1031,1090,TRAVEL
1032,1091,STYLE & BEAUTY
1033,1092,STYLE & BEAUTY
1034,1093,STYLE & BEAUTY
1035,1094,STYLE & BEAUTY
1036,1095,TRAVEL
1037,1096,STYLE & BEAUTY
1038,1097,STYLE & BEAUTY
1039,1098,STYLE & BEAUTY
1040,1099,TRAVEL
1041,1100,TRAVEL
1042,1101,TRAVEL
1043,1102,STYLE & BEAUTY
1044,1103,TRAVEL
1045,1104,STYLE & BEAUTY
1046,1106,TRAVEL
1047,1107,TRAVEL
1048,1108,BUSINESS
1049,1109,STYLE & BEAUTY
1050,1110,BUSINESS
1051,1111,TRAVEL
1052,1112,STYLE & BEAUTY
1053,1113,STYLE & BEAUTY
1054,1114,STYLE & BEAUTY
1055,1115,TRAVEL
1056,1116,BUSINESS
1057,1117,BUSINESS
1058,1118,BUSINESS
1059,1119,BUSINESS
1060,1120,BUSINESS
1061,1122,TRAVEL
1062,1123,STYLE & BEAUTY
1063,1124,TRAVEL
1064,1125,TRAVEL
1065,1126,TRAVEL
1066,1127,BUSINESS
1067,1128,TRAVEL
1068,1129,TRAVEL
1069,1130,STYLE & BEAUTY
1070,1131,TRAVEL
1071,1132,TRAVEL
1072,1133,TRAVEL
1073,1134,STYLE & BEAUTY
1074,1135,TRAVEL
1075,1137,STYLE & BEAUTY
1076,1138,BUSINESS
1077,1139,TRAVEL
1078,1140,STYLE & BEAUTY
1079,1141,STYLE & BEAUTY
1080,1142,BUSINESS
1081,1143,BUSINESS
1082,1144,STYLE & BEAUTY
1083,1145,TRAVEL
1084,1146,STYLE & BEAUTY
1085,1147,TRAVEL
1086,1148,STYLE & BEAUTY
1087,1149,BUSINESS
1088,1150,TRAVEL
1089,1151,BUSINESS
1090,1152,BUSINESS
1091,1153,STYLE & BEAUTY
1092,1154,TRAVEL
1093,1155,BUSINESS
1094,1156,STYLE & BEAUTY
1095,1157,TRAVEL
1096,1158,TRAVEL
1097,1159,STYLE & BEAUTY
1098,1160,BUSINESS
1099,1161,TRAVEL
1100,1162,TRAVEL
1101,1163,TRAVEL
1102,1164,TRAVEL
1103,1165,TRAVEL
1104,1166,STYLE & BEAUTY
1105,1167,TRAVEL
1106,1168,STYLE & BEAUTY
1107,1169,BUSINESS
1108,1170,TRAVEL
1109,1172,STYLE & BEAUTY
1110,1173,BUSINESS
1111,1174,STYLE & BEAUTY
1112,1175,BUSINESS
1113,1176,TRAVEL
1114,1177,TRAVEL
1115,1178,TRAVEL
1116,1179,STYLE & BEAUTY
1117,1180,TRAVEL
1118,1181,STYLE & BEAUTY
1119,1182,BUSINESS
1120,1183,TRAVEL
1121,1184,TRAVEL
1122,1185,STYLE & BEAUTY
1123,1186,TRAVEL
1124,1187,TRAVEL
1125,1188,STYLE & BEAUTY
1126,1189,STYLE & BEAUTY
1127,1190,STYLE & BEAUTY
1128,1191,TRAVEL
1129,1192,STYLE & BEAUTY
1130,1194,STYLE & BEAUTY
1131,1195,STYLE & BEAUTY
1132,1196,TRAVEL
1133,1197,STYLE & BEAUTY
1134,1198,BUSINESS
1135,1199,TRAVEL
1136,1200,TRAVEL
1137,1201,TRAVEL
1138,1202,TRAVEL
1139,1204,TRAVEL
1140,1205,TRAVEL
1141,1206,STYLE & BEAUTY
1142,1207,TRAVEL
1143,1208,TRAVEL
1144,1209,STYLE & BEAUTY
1145,1210,TRAVEL
1146,1211,STYLE & BEAUTY
1147,1212,STYLE & BEAUTY
1148,1213,STYLE & BEAUTY
1149,1214,STYLE & BEAUTY
1150,1215,TRAVEL
1151,1216,TRAVEL
1152,1217,STYLE & BEAUTY
1153,1218,BUSINESS
1154,1219,TRAVEL
1155,1220,BUSINESS
1156,1221,TRAVEL
1157,1222,TRAVEL
1158,1223,STYLE & BEAUTY
1159,1224,STYLE & BEAUTY
1160,1225,TRAVEL
1161,1226,TRAVEL
1162,1227,STYLE & BEAUTY
1163,1228,TRAVEL
1164,1229,STYLE & BEAUTY
1165,1230,BUSINESS
1166,1231,STYLE & BEAUTY
1167,1232,STYLE & BEAUTY
1168,1233,BUSINESS
1169,1234,STYLE & BEAUTY
1170,1235,STYLE & BEAUTY
1171,1236,BUSINESS
1172,1237,STYLE & BEAUTY
1173,1238,TRAVEL
1174,1239,STYLE & BEAUTY
1175,1240,TRAVEL
1176,1241,STYLE & BEAUTY
1177,1242,TRAVEL
1178,1243,BUSINESS
1179,1244,STYLE & BEAUTY
1180,1245,STYLE & BEAUTY
1181,1246,STYLE & BEAUTY
1182,1247,STYLE & BEAUTY
1183,1248,BUSINESS
1184,1249,BUSINESS
1185,1250,STYLE & BEAUTY
1186,1251,STYLE & BEAUTY
1187,1252,TRAVEL
1188,1253,STYLE & BEAUTY
1189,1254,STYLE & BEAUTY
1190,1256,BUSINESS
1191,1257,STYLE & BEAUTY
1192,1258,STYLE & BEAUTY
1193,1259,STYLE & BEAUTY
1194,1261,TRAVEL
1195,1262,TRAVEL
1196,1263,TRAVEL
1197,1264,TRAVEL
1198,1265,TRAVEL
1199,1266,TRAVEL
1200,1267,TRAVEL
1201,1269,STYLE & BEAUTY
1202,1270,STYLE & BEAUTY
1203,1271,STYLE & BEAUTY
1204,1272,STYLE & BEAUTY
1205,1274,TRAVEL
1206,1275,STYLE & BEAUTY
1207,1276,TRAVEL
1208,1277,BUSINESS
1209,1278,STYLE & BEAUTY
1210,1279,TRAVEL
1211,1280,TRAVEL
1212,1281,BUSINESS
1213,1282,STYLE & BEAUTY
1214,1283,BUSINESS
1215,1284,BUSINESS
1216,1285,STYLE & BEAUTY
1217,1286,STYLE & BEAUTY
1218,1287,BUSINESS
1219,1288,BUSINESS
1220,1291,TRAVEL
1221,1292,TRAVEL
1222,1293,TRAVEL
1223,1294,STYLE & BEAUTY
1224,1295,STYLE & BEAUTY
1225,1296,BUSINESS
1226,1297,BUSINESS
1227,1298,STYLE & BEAUTY
1228,1299,TRAVEL
1229,1300,STYLE & BEAUTY
1230,1301,TRAVEL
1231,1302,STYLE & BEAUTY
1232,1303,STYLE & BEAUTY
1233,1304,STYLE & BEAUTY
1234,1305,BUSINESS
1235,1306,BUSINESS
1236,1308,TRAVEL
1237,1309,TRAVEL
1238,1310,TRAVEL
1239,1311,TRAVEL
1240,1312,BUSINESS
1241,1313,BUSINESS
1242,1314,BUSINESS
1243,1315,BUSINESS
1244,1316,STYLE & BEAUTY
1245,1317,TRAVEL
1246,1318,TRAVEL
1247,1319,STYLE & BEAUTY
1248,1320,STYLE & BEAUTY
1249,1321,STYLE & BEAUTY
1250,1322,STYLE & BEAUTY
1251,1323,BUSINESS
1252,1324,STYLE & BEAUTY
1253,1325,TRAVEL
1254,1326,STYLE & BEAUTY
1255,1327,STYLE & BEAUTY
1256,1328,STYLE & BEAUTY
1257,1329,TRAVEL
1258,1330,BUSINESS
1259,1331,STYLE & BEAUTY
1260,1332,STYLE & BEAUTY
1261,1333,BUSINESS
1262,1334,STYLE & BEAUTY
1263,1335,STYLE & BEAUTY
1264,1336,BUSINESS
1265,1337,TRAVEL
1266,1338,STYLE & BEAUTY
1267,1339,STYLE & BEAUTY
1268,1340,STYLE & BEAUTY
1269,1341,TRAVEL
1270,1342,STYLE & BEAUTY
1271,1343,TRAVEL
1272,1344,BUSINESS
1273,1345,STYLE & BEAUTY
1274,1346,TRAVEL
1275,1347,TRAVEL
1276,1348,STYLE & BEAUTY
1277,1349,TRAVEL
1278,1350,TRAVEL
1279,1351,BUSINESS
1280,1352,STYLE & BEAUTY
1281,1353,STYLE & BEAUTY
1282,1354,BUSINESS
1283,1355,STYLE & BEAUTY
1284,1356,TRAVEL
1285,1357,STYLE & BEAUTY
1286,1358,TRAVEL
1287,1359,STYLE & BEAUTY
1288,1360,STYLE & BEAUTY
1289,1361,STYLE & BEAUTY
1290,1362,TRAVEL
1291,1363,STYLE & BEAUTY
1292,1364,TRAVEL
1293,1365,TRAVEL
1294,1366,STYLE & BEAUTY
1295,1367,STYLE & BEAUTY
1296,1368,TRAVEL
1297,1369,STYLE & BEAUTY
1298,1371,STYLE & BEAUTY
1299,1372,TRAVEL
1300,1373,STYLE & BEAUTY
1301,1374,TRAVEL
1302,1375,STYLE & BEAUTY
1303,1376,STYLE & BEAUTY
1304,1377,BUSINESS
1305,1378,TRAVEL
1306,1379,STYLE & BEAUTY
1307,1380,STYLE & BEAUTY
1308,1381,BUSINESS
1309,1382,BUSINESS
1310,1383,STYLE & BEAUTY
1311,1384,TRAVEL
1312,1385,BUSINESS
1313,1386,STYLE & BEAUTY
1314,1387,STYLE & BEAUTY
1315,1388,TRAVEL
1316,1389,STYLE & BEAUTY
1317,1390,STYLE & BEAUTY
1318,1391,BUSINESS
1319,1392,BUSINESS
1320,1393,STYLE & BEAUTY
1321,1394,STYLE & BEAUTY
1322,1395,BUSINESS
1323,1396,TRAVEL
1324,1397,STYLE & BEAUTY
1325,1398,TRAVEL
1326,1399,BUSINESS
1327,1400,STYLE & BEAUTY
1328,1401,STYLE & BEAUTY
1329,1402,STYLE & BEAUTY
1330,1403,BUSINESS
1331,1404,TRAVEL
1332,1405,TRAVEL
1333,1406,BUSINESS
1334,1407,BUSINESS
1335,1408,TRAVEL
1336,1409,STYLE & BEAUTY
1337,1410,BUSINESS
1338,1411,STYLE & BEAUTY
1339,1412,STYLE & BEAUTY
1340,1413,BUSINESS
1341,1414,STYLE & BEAUTY
1342,1415,STYLE & BEAUTY
1343,1416,STYLE & BEAUTY
1344,1417,TRAVEL
1345,1418,STYLE & BEAUTY
1346,1420,STYLE & BEAUTY
1347,1421,TRAVEL
1348,1422,TRAVEL
1349,1423,TRAVEL
1350,1425,TRAVEL
1351,1426,STYLE & BEAUTY
1352,1428,STYLE & BEAUTY
1353,1429,BUSINESS
1354,1430,BUSINESS
1355,1431,TRAVEL
1356,1432,TRAVEL
1357,1433,STYLE & BEAUTY
1358,1434,STYLE & BEAUTY
1359,1435,TRAVEL
1360,1436,STYLE & BEAUTY
1361,1437,TRAVEL
1362,1438,TRAVEL
1363,1439,TRAVEL
1364,1440,STYLE & BEAUTY
1365,1441,BUSINESS
1366,1442,STYLE & BEAUTY
1367,1443,STYLE & BEAUTY
1368,1444,STYLE & BEAUTY
1369,1445,STYLE & BEAUTY
1370,1446,TRAVEL
1371,1447,STYLE & BEAUTY
1372,1448,STYLE & BEAUTY
1373,1449,STYLE & BEAUTY
1374,1450,STYLE & BEAUTY
1375,1451,TRAVEL
1376,1452,STYLE & BEAUTY
1377,1453,STYLE & BEAUTY
1378,1454,BUSINESS
1379,1455,TRAVEL
1380,1456,TRAVEL
1381,1457,BUSINESS
1382,1458,STYLE & BEAUTY
1383,1459,BUSINESS
1384,1461,BUSINESS
1385,1462,TRAVEL
1386,1463,BUSINESS
1387,1464,TRAVEL
1388,1465,STYLE & BEAUTY
1389,1466,STYLE & BEAUTY
1390,1467,BUSINESS
1391,1468,TRAVEL
1392,1469,TRAVEL
1393,1470,BUSINESS
1394,1471,BUSINESS
1395,1472,TRAVEL
1396,1473,BUSINESS
1397,1474,TRAVEL
1398,1475,STYLE & BEAUTY
1399,1476,TRAVEL
1400,1477,TRAVEL
1401,1478,BUSINESS
1402,1479,TRAVEL
1403,1480,TRAVEL
1404,1481,BUSINESS
1405,1482,BUSINESS
1406,1483,TRAVEL
1407,1484,TRAVEL
1408,1485,BUSINESS
1409,1486,STYLE & BEAUTY
1410,1487,TRAVEL
1411,1489,BUSINESS
1412,1490,BUSINESS
1413,1491,TRAVEL
1414,1492,STYLE & BEAUTY
1415,1493,STYLE & BEAUTY
1416,1494,STYLE & BEAUTY
1417,1495,TRAVEL
1418,1496,TRAVEL
1419,1497,TRAVEL
1420,1498,STYLE & BEAUTY
1421,1499,STYLE & BEAUTY
1422,1500,TRAVEL
1423,1501,BUSINESS
1424,1502,STYLE & BEAUTY
1425,1503,TRAVEL
1426,1504,TRAVEL
1427,1505,BUSINESS
1428,1507,STYLE & BEAUTY
1429,1508,STYLE & BEAUTY
1430,1509,STYLE & BEAUTY
1431,1510,TRAVEL
1432,1511,STYLE & BEAUTY
1433,1512,TRAVEL
1434,1513,TRAVEL
1435,1514,TRAVEL
1436,1515,STYLE & BEAUTY
1437,1516,TRAVEL
1438,1517,STYLE & BEAUTY
1439,1518,TRAVEL
1440,1519,STYLE & BEAUTY
1441,1520,STYLE & BEAUTY
1442,1521,TRAVEL
1443,1522,BUSINESS
1444,1523,TRAVEL
1445,1524,TRAVEL
1446,1525,STYLE & BEAUTY
1447,1527,STYLE & BEAUTY
1448,1528,STYLE & BEAUTY
1449,1529,TRAVEL
1450,1530,BUSINESS
1451,1531,STYLE & BEAUTY
1452,1532,STYLE & BEAUTY
1453,1533,BUSINESS
1454,1534,BUSINESS
1455,1535,STYLE & BEAUTY
1456,1536,BUSINESS
1457,1537,STYLE & BEAUTY
1458,1538,TRAVEL
1459,1539,TRAVEL
1460,1540,STYLE & BEAUTY
1461,1541,STYLE & BEAUTY
1462,1542,TRAVEL
1463,1543,TRAVEL
1464,1544,BUSINESS
1465,1545,STYLE & BEAUTY
1466,1546,TRAVEL
1467,1547,STYLE & BEAUTY
1468,1548,STYLE & BEAUTY
1469,1549,STYLE & BEAUTY
1470,1550,BUSINESS
1471,1551,TRAVEL
1472,1552,BUSINESS
1473,1553,TRAVEL
1474,1554,TRAVEL
1475,1555,STYLE & BEAUTY
1476,1556,TRAVEL
1477,1557,BUSINESS
1478,1558,TRAVEL
1479,1559,TRAVEL
1480,1560,STYLE & BEAUTY
1481,1561,STYLE & BEAUTY
1482,1562,STYLE & BEAUTY
1483,1563,TRAVEL
1484,1564,TRAVEL
1485,1565,TRAVEL
1486,1566,STYLE & BEAUTY
1487,1567,TRAVEL
1488,1568,TRAVEL
1489,1569,TRAVEL
1490,1570,BUSINESS
1491,1571,TRAVEL
1492,1572,BUSINESS
1493,1573,TRAVEL
1494,1574,BUSINESS
1495,1575,STYLE & BEAUTY
1496,1576,STYLE & BEAUTY
1497,1577,TRAVEL
1498,1578,STYLE & BEAUTY
1499,1579,BUSINESS
1500,1580,STYLE & BEAUTY
1501,1581,TRAVEL
1502,1582,STYLE & BEAUTY
1503,1583,BUSINESS
1504,1584,TRAVEL
1505,1585,TRAVEL
1506,1586,TRAVEL
1507,1587,STYLE & BEAUTY
1508,1588,BUSINESS
1509,1589,STYLE & BEAUTY
1510,1590,BUSINESS
1511,1591,TRAVEL
1512,1592,STYLE & BEAUTY
1513,1593,STYLE & BEAUTY
1514,1594,BUSINESS
1515,1595,BUSINESS
1516,1596,BUSINESS
1517,1597,STYLE & BEAUTY
1518,1598,TRAVEL
1519,1599,STYLE & BEAUTY
1520,1600,TRAVEL
1521,1601,STYLE & BEAUTY
1522,1603,TRAVEL
1523,1604,TRAVEL
1524,1605,STYLE & BEAUTY
1525,1606,STYLE & BEAUTY
1526,1607,STYLE & BEAUTY
1527,1609,TRAVEL
1528,1610,BUSINESS
1529,1611,TRAVEL
1530,1612,TRAVEL
1531,1613,TRAVEL
1532,1614,TRAVEL
1533,1615,STYLE & BEAUTY
1534,1616,BUSINESS
1535,1617,TRAVEL
1536,1618,BUSINESS
1537,1619,STYLE & BEAUTY
1538,1620,TRAVEL
1539,1621,BUSINESS
1540,1622,TRAVEL
1541,1623,STYLE & BEAUTY
1542,1624,STYLE & BEAUTY
1543,1625,TRAVEL
1544,1626,TRAVEL
1545,1627,STYLE & BEAUTY
1546,1628,BUSINESS
1547,1629,STYLE & BEAUTY
1548,1630,TRAVEL
1549,1631,STYLE & BEAUTY
1550,1632,STYLE & BEAUTY
1551,1633,TRAVEL
1552,1634,TRAVEL
1553,1635,TRAVEL
1554,1636,STYLE & BEAUTY
1555,1637,STYLE & BEAUTY
1556,1638,STYLE & BEAUTY
1557,1639,STYLE & BEAUTY
1558,1640,BUSINESS
1559,1641,TRAVEL
1560,1642,TRAVEL
1561,1643,TRAVEL
1562,1644,TRAVEL
1563,1645,STYLE & BEAUTY
1564,1646,STYLE & BEAUTY
1565,1647,TRAVEL
1566,1648,TRAVEL
1567,1649,TRAVEL
1568,1650,TRAVEL
1569,1651,TRAVEL
1570,1652,BUSINESS
1571,1653,STYLE & BEAUTY
1572,1654,STYLE & BEAUTY
1573,1655,TRAVEL
1574,1656,STYLE & BEAUTY
1575,1657,TRAVEL
1576,1659,TRAVEL
1577,1660,STYLE & BEAUTY
1578,1661,TRAVEL
1579,1662,TRAVEL
1580,1663,TRAVEL
1581,1664,TRAVEL
1582,1665,STYLE & BEAUTY
1583,1666,TRAVEL
1584,1667,TRAVEL
1585,1668,STYLE & BEAUTY
1586,1669,BUSINESS
1587,1670,TRAVEL
1588,1671,TRAVEL
1589,1672,STYLE & BEAUTY
1590,1673,STYLE & BEAUTY
1591,1674,BUSINESS
1592,1675,BUSINESS
1593,1676,BUSINESS
1594,1677,TRAVEL
1595,1678,STYLE & BEAUTY
1596,1679,STYLE & BEAUTY
1597,1680,STYLE & BEAUTY
1598,1681,TRAVEL
1599,1682,STYLE & BEAUTY
1600,1683,BUSINESS
1601,1684,BUSINESS
1602,1685,TRAVEL
1603,1686,TRAVEL
1604,1687,TRAVEL
1605,1688,STYLE & BEAUTY
1606,1689,TRAVEL
1607,1690,TRAVEL
1608,1691,STYLE & BEAUTY
1609,1692,TRAVEL
1610,1693,STYLE & BEAUTY
1611,1694,TRAVEL
1612,1695,TRAVEL
1613,1696,STYLE & BEAUTY
1614,1697,TRAVEL
1615,1698,STYLE & BEAUTY
1616,1699,TRAVEL
1617,1700,STYLE & BEAUTY
1618,1701,BUSINESS
1619,1702,TRAVEL
1620,1703,STYLE & BEAUTY
1621,1704,STYLE & BEAUTY
1622,1705,TRAVEL
1623,1706,TRAVEL
1624,1707,BUSINESS
1625,1708,STYLE & BEAUTY
1626,1709,TRAVEL
1627,1710,STYLE & BEAUTY
1628,1711,BUSINESS
1629,1712,STYLE & BEAUTY
1630,1714,BUSINESS
1631,1715,TRAVEL
1632,1716,TRAVEL
1633,1717,TRAVEL
1634,1718,TRAVEL
1635,1719,TRAVEL
1636,1720,BUSINESS
1637,1721,TRAVEL
1638,1722,STYLE & BEAUTY
1639,1723,TRAVEL
1640,1724,BUSINESS
1641,1725,BUSINESS
1642,1726,TRAVEL
1643,1727,TRAVEL
1644,1728,TRAVEL
1645,1729,STYLE & BEAUTY
1646,1731,BUSINESS
1647,1732,STYLE & BEAUTY
1648,1733,BUSINESS
1649,1734,TRAVEL
1650,1735,STYLE & BEAUTY
1651,1736,STYLE & BEAUTY
1652,1737,BUSINESS
1653,1738,BUSINESS
1654,1739,BUSINESS
1655,1740,BUSINESS
1656,1741,STYLE & BEAUTY
1657,1742,STYLE & BEAUTY
1658,1743,BUSINESS
1659,1744,TRAVEL
1660,1745,TRAVEL
1661,1746,TRAVEL
1662,1747,STYLE & BEAUTY
1663,1748,BUSINESS
1664,1749,STYLE & BEAUTY
1665,1750,BUSINESS
1666,1751,TRAVEL
1667,1752,STYLE & BEAUTY
1668,1753,STYLE & BEAUTY
1669,1754,TRAVEL
1670,1755,STYLE & BEAUTY
1671,1756,TRAVEL
1672,1757,TRAVEL
1673,1759,STYLE & BEAUTY
1674,1760,STYLE & BEAUTY
1675,1761,BUSINESS
1676,1762,TRAVEL
1677,1763,STYLE & BEAUTY
1678,1764,TRAVEL
1679,1765,STYLE & BEAUTY
1680,1766,STYLE & BEAUTY
1681,1767,TRAVEL
1682,1768,TRAVEL
1683,1769,TRAVEL
1684,1770,TRAVEL
1685,1771,STYLE & BEAUTY
1686,1772,STYLE & BEAUTY
1687,1773,STYLE & BEAUTY
1688,1774,STYLE & BEAUTY
1689,1775,BUSINESS
1690,1776,BUSINESS
1691,1777,BUSINESS
1692,1779,TRAVEL
1693,1780,TRAVEL
1694,1781,TRAVEL
1695,1782,TRAVEL
1696,1783,TRAVEL
1697,1784,BUSINESS
1698,1785,TRAVEL
1699,1786,STYLE & BEAUTY
1700,1787,BUSINESS
1701,1788,STYLE & BEAUTY
1702,1789,STYLE & BEAUTY
1703,1790,STYLE & BEAUTY
1704,1791,TRAVEL
1705,1792,TRAVEL
1706,1793,TRAVEL
1707,1794,BUSINESS
1708,1795,BUSINESS
1709,1796,TRAVEL
1710,1797,BUSINESS
1711,1798,STYLE & BEAUTY
1712,1799,STYLE & BEAUTY
1713,1800,STYLE & BEAUTY
1714,1801,BUSINESS
1715,1802,BUSINESS
1716,1803,STYLE & BEAUTY
1717,1804,TRAVEL
1718,1805,BUSINESS
1719,1806,TRAVEL
1720,1807,BUSINESS
1721,1809,STYLE & BEAUTY
1722,1810,TRAVEL
1723,1811,STYLE & BEAUTY
1724,1812,STYLE & BEAUTY
1725,1813,STYLE & BEAUTY
1726,1814,BUSINESS
1727,1815,BUSINESS
1728,1816,STYLE & BEAUTY
1729,1817,BUSINESS
1730,1818,TRAVEL
1731,1819,STYLE & BEAUTY
1732,1820,TRAVEL
1733,1821,TRAVEL
1734,1822,STYLE & BEAUTY
1735,1823,TRAVEL
1736,1824,STYLE & BEAUTY
1737,1825,TRAVEL
1738,1826,STYLE & BEAUTY
1739,1827,TRAVEL
1740,1828,TRAVEL
1741,1829,TRAVEL
1742,1830,STYLE & BEAUTY
1743,1831,STYLE & BEAUTY
1744,1832,TRAVEL
1745,1833,STYLE & BEAUTY
1746,1834,TRAVEL
1747,1835,TRAVEL
1748,1836,TRAVEL
1749,1837,BUSINESS
1750,1838,STYLE & BEAUTY
1751,1839,STYLE & BEAUTY
1752,1840,BUSINESS
1753,1841,TRAVEL
1754,1842,BUSINESS
1755,1843,BUSINESS
1756,1844,BUSINESS
1757,1846,TRAVEL
1758,1847,STYLE & BEAUTY
1759,1848,TRAVEL
1760,1849,BUSINESS
1761,1850,TRAVEL
1762,1852,STYLE & BEAUTY
1763,1853,BUSINESS
1764,1854,BUSINESS
1765,1855,TRAVEL
1766,1856,STYLE & BEAUTY
1767,1857,BUSINESS
1768,1858,STYLE & BEAUTY
1769,1859,STYLE & BEAUTY
1770,1861,STYLE & BEAUTY
1771,1862,STYLE & BEAUTY
1772,1863,TRAVEL
1773,1865,STYLE & BEAUTY
1774,1866,TRAVEL
1775,1867,BUSINESS
1776,1868,BUSINESS
1777,1869,TRAVEL
1778,1870,BUSINESS
1779,1871,TRAVEL
1780,1872,BUSINESS
1781,1873,TRAVEL
1782,1874,BUSINESS
1783,1875,STYLE & BEAUTY
1784,1876,STYLE & BEAUTY
1785,1877,STYLE & BEAUTY
1786,1879,TRAVEL
1787,1880,TRAVEL
1788,1881,TRAVEL
1789,1882,STYLE & BEAUTY
1790,1883,BUSINESS
1791,1884,STYLE & BEAUTY
1792,1886,STYLE & BEAUTY
1793,1887,TRAVEL
1794,1888,TRAVEL
1795,1889,TRAVEL
1796,1890,TRAVEL
1797,1891,TRAVEL
1798,1892,STYLE & BEAUTY
1799,1893,TRAVEL
1800,1894,STYLE & BEAUTY
1801,1895,STYLE & BEAUTY
1802,1896,TRAVEL
1803,1897,TRAVEL
1804,1898,STYLE & BEAUTY
1805,1899,STYLE & BEAUTY
1806,1900,TRAVEL
1807,1901,STYLE & BEAUTY
1808,1902,TRAVEL
1809,1903,TRAVEL
1810,1904,TRAVEL
1811,1905,STYLE & BEAUTY
1812,1906,STYLE & BEAUTY
1813,1907,STYLE & BEAUTY
1814,1908,TRAVEL
1815,1909,BUSINESS
1816,1910,TRAVEL
1817,1911,STYLE & BEAUTY
1818,1912,TRAVEL
1819,1913,STYLE & BEAUTY
1820,1914,STYLE & BEAUTY
1821,1915,STYLE & BEAUTY
1822,1916,BUSINESS
1823,1917,STYLE & BEAUTY
1824,1918,TRAVEL
1825,1919,TRAVEL
1826,1920,BUSINESS
1827,1921,TRAVEL
1828,1923,BUSINESS
1829,1924,TRAVEL
1830,1925,TRAVEL
1831,1926,BUSINESS
1832,1927,STYLE & BEAUTY
1833,1928,STYLE & BEAUTY
1834,1929,STYLE & BEAUTY
1835,1930,TRAVEL
1836,1931,TRAVEL
1837,1932,STYLE & BEAUTY
1838,1934,STYLE & BEAUTY
1839,1935,BUSINESS
1840,1936,STYLE & BEAUTY
1841,1937,BUSINESS
1842,1938,BUSINESS
1843,1939,BUSINESS
1844,1940,STYLE & BEAUTY
1845,1941,TRAVEL
1846,1942,STYLE & BEAUTY
1847,1943,STYLE & BEAUTY
1848,1944,TRAVEL
1849,1945,BUSINESS
1850,1946,TRAVEL
1851,1947,TRAVEL
1852,1948,BUSINESS
1853,1949,TRAVEL
1854,1950,STYLE & BEAUTY
1855,1951,TRAVEL
1856,1952,TRAVEL
1857,1953,TRAVEL
1858,1954,STYLE & BEAUTY
1859,1955,TRAVEL
1860,1956,BUSINESS
1861,1957,TRAVEL
1862,1958,BUSINESS
1863,1959,STYLE & BEAUTY
1864,1960,STYLE & BEAUTY
1865,1961,TRAVEL
1866,1962,STYLE & BEAUTY
1867,1963,STYLE & BEAUTY
1868,1964,TRAVEL
1869,1965,BUSINESS
1870,1966,BUSINESS
1871,1967,TRAVEL
1872,1968,TRAVEL
1873,1969,STYLE & BEAUTY
1874,1970,STYLE & BEAUTY
1875,1971,STYLE & BEAUTY
1876,1972,TRAVEL
1877,1973,BUSINESS
1878,1974,STYLE & BEAUTY
1879,1975,TRAVEL
1880,1976,TRAVEL
1881,1977,BUSINESS
1882,1979,TRAVEL
1883,1980,TRAVEL
1884,1981,STYLE & BEAUTY
1885,1982,BUSINESS
1886,1983,STYLE & BEAUTY
1887,1984,TRAVEL
1888,1985,STYLE & BEAUTY
1889,1986,STYLE & BEAUTY
1890,1987,TRAVEL
1891,1988,STYLE & BEAUTY
1892,1989,STYLE & BEAUTY
1893,1991,TRAVEL
1894,1992,TRAVEL
1895,1993,BUSINESS
1896,1994,BUSINESS
1897,1995,BUSINESS
1898,1996,TRAVEL
1899,1997,STYLE & BEAUTY
1900,1998,STYLE & BEAUTY
1901,2000,BUSINESS
1902,2001,BUSINESS
1903,2002,BUSINESS
1904,2003,TRAVEL
1905,2004,TRAVEL
1906,2005,TRAVEL
1907,2006,TRAVEL
1908,2007,TRAVEL
1909,2008,TRAVEL
1910,2009,STYLE & BEAUTY
1911,2010,STYLE & BEAUTY
1912,2011,STYLE & BEAUTY
1913,2012,STYLE & BEAUTY
1914,2013,STYLE & BEAUTY
1915,2014,TRAVEL
1916,2015,TRAVEL
1917,2016,STYLE & BEAUTY
1918,2017,BUSINESS
1919,2018,STYLE & BEAUTY
1920,2019,BUSINESS
1921,2021,BUSINESS
1922,2022,BUSINESS
1923,2023,BUSINESS
1924,2024,TRAVEL
1925,2025,STYLE & BEAUTY
1926,2026,STYLE & BEAUTY
1927,2028,STYLE & BEAUTY
1928,2029,STYLE & BEAUTY
1929,2030,STYLE & BEAUTY
1930,2031,TRAVEL
1931,2032,TRAVEL
1932,2034,TRAVEL
1933,2036,BUSINESS
1934,2037,BUSINESS
1935,2038,STYLE & BEAUTY
1936,2040,STYLE & BEAUTY
1937,2041,STYLE & BEAUTY
1938,2042,STYLE & BEAUTY
1939,2043,STYLE & BEAUTY
1940,2044,STYLE & BEAUTY
1941,2045,STYLE & BEAUTY
1942,2047,BUSINESS
1943,2048,STYLE & BEAUTY
1944,2049,STYLE & BEAUTY
1945,2050,TRAVEL
1946,2051,STYLE & BEAUTY
1947,2052,STYLE & BEAUTY
1948,2053,STYLE & BEAUTY
1949,2054,TRAVEL
1950,2055,STYLE & BEAUTY
1951,2057,BUSINESS
1952,2058,TRAVEL
1953,2059,TRAVEL
1954,2060,TRAVEL
1955,2061,STYLE & BEAUTY
1956,2062,STYLE & BEAUTY
1957,2063,BUSINESS
1958,2064,STYLE & BEAUTY
1959,2065,STYLE & BEAUTY
1960,2066,TRAVEL
1961,2067,TRAVEL
1962,2068,TRAVEL
1963,2069,STYLE & BEAUTY
1964,2070,BUSINESS
1965,2071,TRAVEL
1966,2072,STYLE & BEAUTY
1967,2073,TRAVEL
1968,2074,BUSINESS
1969,2075,TRAVEL
1970,2076,TRAVEL
1971,2077,STYLE & BEAUTY
1972,2078,STYLE & BEAUTY
1973,2079,STYLE & BEAUTY
1974,2080,TRAVEL
1975,2081,STYLE & BEAUTY
1976,2082,TRAVEL
1977,2083,TRAVEL
1978,2084,BUSINESS
1979,2085,BUSINESS
1980,2086,TRAVEL
1981,2087,BUSINESS
1982,2088,STYLE & BEAUTY
1983,2089,STYLE & BEAUTY
1984,2090,BUSINESS
1985,2091,TRAVEL
1986,2092,TRAVEL
1987,2093,STYLE & BEAUTY
1988,2094,TRAVEL
1989,2095,BUSINESS
1990,2096,STYLE & BEAUTY
1991,2097,STYLE & BEAUTY
1992,2098,BUSINESS
1993,2099,BUSINESS
1994,2100,STYLE & BEAUTY
1995,2101,BUSINESS
1996,2102,TRAVEL
1997,2103,STYLE & BEAUTY
1998,2105,BUSINESS
1999,2106,BUSINESS
2000,2107,TRAVEL
2001,2108,STYLE & BEAUTY
2002,2109,STYLE & BEAUTY
2003,2110,TRAVEL
2004,2111,TRAVEL
2005,2112,STYLE & BEAUTY
2006,2113,TRAVEL
2007,2114,TRAVEL
2008,2115,BUSINESS
2009,2116,TRAVEL
2010,2118,BUSINESS
2011,2119,STYLE & BEAUTY
2012,2120,TRAVEL
2013,2121,TRAVEL
2014,2122,STYLE & BEAUTY
2015,2123,TRAVEL
2016,2124,STYLE & BEAUTY
2017,2125,BUSINESS
2018,2126,STYLE & BEAUTY
2019,2127,STYLE & BEAUTY
2020,2128,BUSINESS
2021,2129,BUSINESS
2022,2130,TRAVEL
2023,2131,TRAVEL
2024,2132,STYLE & BEAUTY
2025,2133,TRAVEL
2026,2134,TRAVEL
2027,2135,TRAVEL
2028,2136,STYLE & BEAUTY
2029,2137,STYLE & BEAUTY
2030,2138,TRAVEL
2031,2139,TRAVEL
2032,2140,BUSINESS
2033,2141,STYLE & BEAUTY
2034,2142,TRAVEL
2035,2143,TRAVEL
2036,2144,BUSINESS
2037,2145,BUSINESS
2038,2146,BUSINESS
2039,2147,TRAVEL
2040,2148,STYLE & BEAUTY
2041,2150,TRAVEL
2042,2151,STYLE & BEAUTY
2043,2152,TRAVEL
2044,2153,STYLE & BEAUTY
2045,2154,STYLE & BEAUTY
2046,2155,STYLE & BEAUTY
2047,2156,BUSINESS
2048,2157,TRAVEL
2049,2158,TRAVEL
2050,2159,STYLE & BEAUTY
2051,2160,TRAVEL
2052,2161,TRAVEL
2053,2162,STYLE & BEAUTY
2054,2163,STYLE & BEAUTY
2055,2165,TRAVEL
2056,2166,TRAVEL
2057,2167,STYLE & BEAUTY
2058,2168,BUSINESS
2059,2169,STYLE & BEAUTY
2060,2170,TRAVEL
2061,2171,TRAVEL
2062,2172,TRAVEL
2063,2173,BUSINESS
2064,2174,STYLE & BEAUTY
2065,2175,TRAVEL
2066,2176,TRAVEL
2067,2177,TRAVEL
2068,2178,BUSINESS
2069,2179,BUSINESS
2070,2180,TRAVEL
2071,2181,STYLE & BEAUTY
2072,2182,TRAVEL
2073,2183,BUSINESS
2074,2184,STYLE & BEAUTY
2075,2185,TRAVEL
2076,2186,TRAVEL
2077,2187,STYLE & BEAUTY
2078,2188,TRAVEL
2079,2189,STYLE & BEAUTY
2080,2190,TRAVEL
2081,2191,TRAVEL
2082,2192,TRAVEL
2083,2193,STYLE & BEAUTY
2084,2194,TRAVEL
2085,2195,STYLE & BEAUTY
2086,2196,STYLE & BEAUTY
2087,2197,STYLE & BEAUTY
2088,2198,TRAVEL
2089,2199,TRAVEL
2090,2200,STYLE & BEAUTY
2091,2201,BUSINESS
2092,2202,STYLE & BEAUTY
2093,2203,TRAVEL
2094,2205,BUSINESS
2095,2206,TRAVEL
2096,2207,BUSINESS
2097,2208,STYLE & BEAUTY
2098,2209,BUSINESS
2099,2210,TRAVEL
2100,2211,STYLE & BEAUTY
2101,2212,STYLE & BEAUTY
2102,2213,BUSINESS
2103,2214,TRAVEL
2104,2215,TRAVEL
2105,2216,TRAVEL
2106,2217,TRAVEL
2107,2218,BUSINESS
2108,2219,STYLE & BEAUTY
2109,2220,TRAVEL
2110,2222,TRAVEL
2111,2223,TRAVEL
2112,2224,BUSINESS
2113,2225,TRAVEL
2114,2226,TRAVEL
2115,2228,STYLE & BEAUTY
2116,2230,BUSINESS
2117,2231,STYLE & BEAUTY
2118,2232,STYLE & BEAUTY
2119,2233,STYLE & BEAUTY
2120,2234,BUSINESS
2121,2235,STYLE & BEAUTY
2122,2236,TRAVEL
2123,2237,STYLE & BEAUTY
2124,2238,BUSINESS
2125,2239,BUSINESS
2126,2240,BUSINESS
2127,2241,STYLE & BEAUTY
2128,2242,STYLE & BEAUTY
2129,2243,TRAVEL
2130,2244,STYLE & BEAUTY
2131,2245,STYLE & BEAUTY
2132,2246,STYLE & BEAUTY
2133,2247,BUSINESS
2134,2248,BUSINESS
2135,2249,STYLE & BEAUTY
2136,2250,TRAVEL
2137,2251,BUSINESS
2138,2252,TRAVEL
2139,2253,STYLE & BEAUTY
2140,2254,TRAVEL
2141,2255,BUSINESS
2142,2256,TRAVEL
2143,2257,STYLE & BEAUTY
2144,2258,STYLE & BEAUTY
2145,2259,STYLE & BEAUTY
2146,2260,TRAVEL
2147,2261,STYLE & BEAUTY
2148,2263,STYLE & BEAUTY
2149,2264,TRAVEL
2150,2265,TRAVEL
2151,2266,STYLE & BEAUTY
2152,2267,STYLE & BEAUTY
2153,2268,BUSINESS
2154,2270,STYLE & BEAUTY
2155,2271,TRAVEL
2156,2272,BUSINESS
2157,2273,STYLE & BEAUTY
2158,2274,TRAVEL
2159,2275,STYLE & BEAUTY
2160,2276,TRAVEL
2161,2277,STYLE & BEAUTY
2162,2278,TRAVEL
2163,2279,STYLE & BEAUTY
2164,2280,BUSINESS
2165,2281,BUSINESS
2166,2283,STYLE & BEAUTY
2167,2284,TRAVEL
2168,2285,TRAVEL
2169,2286,BUSINESS
2170,2287,BUSINESS
2171,2288,STYLE & BEAUTY
2172,2289,STYLE & BEAUTY
2173,2290,STYLE & BEAUTY
2174,2291,TRAVEL
2175,2292,STYLE & BEAUTY
2176,2293,TRAVEL
2177,2294,BUSINESS
2178,2295,STYLE & BEAUTY
2179,2297,STYLE & BEAUTY
2180,2298,STYLE & BEAUTY
2181,2299,TRAVEL
2182,2300,STYLE & BEAUTY
2183,2301,BUSINESS
2184,2302,STYLE & BEAUTY
2185,2303,STYLE & BEAUTY
2186,2304,STYLE & BEAUTY
2187,2305,STYLE & BEAUTY
2188,2306,STYLE & BEAUTY
2189,2307,TRAVEL
2190,2308,BUSINESS
2191,2309,BUSINESS
2192,2310,STYLE & BEAUTY
2193,2311,TRAVEL
2194,2312,BUSINESS
2195,2313,TRAVEL
2196,2314,BUSINESS
2197,2315,BUSINESS
2198,2316,TRAVEL
2199,2317,STYLE & BEAUTY
2200,2318,TRAVEL
2201,2319,BUSINESS
2202,2320,STYLE & BEAUTY
2203,2321,TRAVEL
2204,2323,BUSINESS
2205,2324,BUSINESS
2206,2325,STYLE & BEAUTY
2207,2326,STYLE & BEAUTY
2208,2327,BUSINESS
2209,2328,BUSINESS
2210,2329,TRAVEL
2211,2330,STYLE & BEAUTY
2212,2331,TRAVEL
2213,2332,TRAVEL
2214,2333,STYLE & BEAUTY
2215,2334,TRAVEL
2216,2335,TRAVEL
2217,2336,TRAVEL
2218,2337,BUSINESS
2219,2338,TRAVEL
2220,2339,STYLE & BEAUTY
2221,2340,TRAVEL
2222,2341,STYLE & BEAUTY
2223,2342,STYLE & BEAUTY
2224,2343,STYLE & BEAUTY
2225,2344,STYLE & BEAUTY
2226,2345,TRAVEL
2227,2346,STYLE & BEAUTY
2228,2347,TRAVEL
2229,2348,STYLE & BEAUTY
2230,2349,TRAVEL
2231,2350,TRAVEL
2232,2351,BUSINESS
2233,2352,TRAVEL
2234,2353,BUSINESS
2235,2354,STYLE & BEAUTY
2236,2356,TRAVEL
2237,2357,TRAVEL
2238,2358,TRAVEL
2239,2359,STYLE & BEAUTY
2240,2360,TRAVEL
2241,2361,TRAVEL
2242,2362,STYLE & BEAUTY
2243,2363,STYLE & BEAUTY
2244,2364,STYLE & BEAUTY
2245,2366,STYLE & BEAUTY
2246,2367,TRAVEL
2247,2368,STYLE & BEAUTY
2248,2369,STYLE & BEAUTY
2249,2370,TRAVEL
2250,2371,STYLE & BEAUTY
2251,2372,BUSINESS
2252,2373,BUSINESS
2253,2374,BUSINESS
2254,2375,TRAVEL
2255,2376,TRAVEL
2256,2377,TRAVEL
2257,2378,TRAVEL
2258,2379,TRAVEL
2259,2380,STYLE & BEAUTY
2260,2381,STYLE & BEAUTY
2261,2382,STYLE & BEAUTY
2262,2383,BUSINESS
2263,2384,STYLE & BEAUTY
2264,2385,STYLE & BEAUTY
2265,2386,STYLE & BEAUTY
2266,2387,STYLE & BEAUTY
2267,2388,STYLE & BEAUTY
2268,2389,STYLE & BEAUTY
2269,2391,TRAVEL
2270,2392,TRAVEL
2271,2393,TRAVEL
2272,2394,STYLE & BEAUTY
2273,2395,STYLE & BEAUTY
2274,2396,STYLE & BEAUTY
2275,2397,STYLE & BEAUTY
2276,2398,TRAVEL
2277,2399,STYLE & BEAUTY
2278,2400,STYLE & BEAUTY
2279,2401,STYLE & BEAUTY
2280,2402,TRAVEL
2281,2403,BUSINESS
2282,2404,TRAVEL
2283,2405,TRAVEL
2284,2406,BUSINESS
2285,2407,BUSINESS
2286,2408,TRAVEL
2287,2409,BUSINESS
2288,2410,TRAVEL
2289,2411,TRAVEL
2290,2412,BUSINESS
2291,2413,STYLE & BEAUTY
2292,2414,BUSINESS
2293,2415,STYLE & BEAUTY
2294,2416,STYLE & BEAUTY
2295,2417,TRAVEL
2296,2418,STYLE & BEAUTY
2297,2419,BUSINESS
2298,2420,TRAVEL
2299,2423,TRAVEL
2300,2424,STYLE & BEAUTY
2301,2425,BUSINESS
2302,2426,STYLE & BEAUTY
2303,2427,STYLE & BEAUTY
2304,2428,TRAVEL
2305,2429,STYLE & BEAUTY
2306,2430,STYLE & BEAUTY
2307,2431,STYLE & BEAUTY
2308,2432,TRAVEL
2309,2433,TRAVEL
2310,2434,STYLE & BEAUTY
2311,2435,STYLE & BEAUTY
2312,2436,BUSINESS
2313,2437,TRAVEL
2314,2438,TRAVEL
2315,2439,TRAVEL
2316,2440,STYLE & BEAUTY
2317,2441,TRAVEL
2318,2442,TRAVEL
2319,2443,STYLE & BEAUTY
2320,2444,TRAVEL
2321,2445,BUSINESS
2322,2446,STYLE & BEAUTY
2323,2447,STYLE & BEAUTY
2324,2448,STYLE & BEAUTY
2325,2449,STYLE & BEAUTY
2326,2450,BUSINESS
2327,2451,TRAVEL
2328,2452,BUSINESS
2329,2453,STYLE & BEAUTY
2330,2454,TRAVEL
2331,2455,BUSINESS
2332,2456,TRAVEL
2333,2457,TRAVEL
2334,2458,BUSINESS
2335,2459,BUSINESS
2336,2460,STYLE & BEAUTY
2337,2461,STYLE & BEAUTY
2338,2462,BUSINESS
2339,2463,TRAVEL
2340,2464,BUSINESS
2341,2465,TRAVEL
2342,2466,TRAVEL
2343,2467,BUSINESS
2344,2468,TRAVEL
2345,2469,BUSINESS
2346,2471,TRAVEL
2347,2472,TRAVEL
2348,2473,BUSINESS
2349,2474,TRAVEL
2350,2475,STYLE & BEAUTY
2351,2476,STYLE & BEAUTY
2352,2477,BUSINESS
2353,2478,BUSINESS
2354,2479,STYLE & BEAUTY
2355,2480,STYLE & BEAUTY
2356,2481,TRAVEL
2357,2482,STYLE & BEAUTY
2358,2483,TRAVEL
2359,2484,STYLE & BEAUTY
2360,2485,STYLE & BEAUTY
2361,2486,STYLE & BEAUTY
2362,2487,STYLE & BEAUTY
2363,2488,TRAVEL
2364,2489,TRAVEL
2365,2490,TRAVEL
2366,2491,TRAVEL
2367,2492,STYLE & BEAUTY
2368,2493,TRAVEL
2369,2494,TRAVEL
2370,2495,TRAVEL
2371,2496,STYLE & BEAUTY
2372,2497,BUSINESS
2373,2500,STYLE & BEAUTY
2374,2501,BUSINESS
2375,2502,STYLE & BEAUTY
2376,2503,TRAVEL
2377,2504,STYLE & BEAUTY
2378,2505,STYLE & BEAUTY
2379,2506,STYLE & BEAUTY
2380,2507,TRAVEL
2381,2508,STYLE & BEAUTY
2382,2509,BUSINESS
2383,2510,STYLE & BEAUTY
2384,2511,TRAVEL
2385,2512,TRAVEL
2386,2513,BUSINESS
2387,2514,TRAVEL
2388,2515,STYLE & BEAUTY
2389,2516,STYLE & BEAUTY
2390,2517,TRAVEL
2391,2518,TRAVEL
2392,2519,BUSINESS
2393,2520,TRAVEL
2394,2521,TRAVEL
2395,2523,BUSINESS
2396,2524,STYLE & BEAUTY
2397,2525,BUSINESS
2398,2526,STYLE & BEAUTY
2399,2527,BUSINESS
2400,2528,BUSINESS
2401,2530,BUSINESS
2402,2531,STYLE & BEAUTY
2403,2532,TRAVEL
2404,2533,STYLE & BEAUTY
2405,2534,TRAVEL
2406,2535,TRAVEL
2407,2536,TRAVEL
2408,2537,STYLE & BEAUTY
2409,2538,STYLE & BEAUTY
2410,2539,BUSINESS
2411,2540,TRAVEL
2412,2541,TRAVEL
2413,2542,BUSINESS
2414,2543,BUSINESS
2415,2544,TRAVEL
2416,2545,BUSINESS
2417,2546,TRAVEL
2418,2547,BUSINESS
